id,label,text,int_label
465424601124974592,-3.0,RT @BeckyMyers3: General studies exam tomorrow and I have about as much common sense and knowledge as a peanut,-3
465422141643845632,-3.4,RT @TheTweetOfGod: A racist NBA owner makes about as much sense as a homophobic theater producer.,-3
465420676590231552,-2.8,Bit ironic Mo Farrah stars in the Weetabix advert when he shares about as much personality as a semi chipped bowl filled with half of one,-3
465420343344394240,-2.8,@JoshFreedman_ It is about as much an election than Katie Price was a singer.,-3
465414678978756609,-2.4,Just looked out the window. About as inviting as a tour of Karbul. Today is that day i 'finally' polyfilled that hole in the bathroom! Brb,-2
465414621227393024,-3.8,"@spygun probably not, policitians are about as much use as a blocked toilet. but if we get involved, I would foresee just as much mess",-4
465413835541999616,-4.6,"RT @martyntanton: Wife: Your about as funny as a door knob.   Me: Well, err, I fucked your mum.",-5
465413635352055808,-3.2,@TomDove11 its about as effective as saying candyman in the mirror 3 times as a meathod of suicide.,-3
465413215086575616,-2.8,"RT @martyntanton: Your about as ""legend"" as an average Sunday dinner.",-3
465413083301969920,-3.8,Nancy Grace caring is about as real as Pam Anderson's tits.,-4
465411568998813696,-2.0,Trying a new coffee is about as exciting as my day is going to get #workworkwork,-2
465411499071401984,-3.0,RT @Hatherz89: The weathers about as confusing as a girl on their period!¬©,-3
465411168455389185,-3.4,The Transatlantic Trade and Investment Treaty will probably be about as good for society as the Single Convention on Narcotic Drugs!,-3
465408427624521728,-3.4,@madsoundslou we were about as cool as aids in y9 http://t.co/B66vRCR4fW,-3
465408152755011584,-0.8,"@sophiebroad1 bloody hell, not a very boy kitchen, looks lush. My student house kitchen was about as big as a microwave &amp; smelled of death.",-1
465407886051381248,-1.4,Cabbage: A familiar kitchen-garden vegetable about as large and wise as a man's head.,-1
465405988657721344,-3.0,"Got so dam drunk last night, gunna be about as much use this mornin as tits on a bull.  Yeeeeeehaaaaaa!",-3
465405937071976449,-3.8,You're about as sexy as a wet cardboard box,-4
465404713551560704,-3.6,Melodrama coming from you seems about as natural as an oral bowel movement. ,-4
465403663851474944,-3.2,RT @LaurenSWard: Having a boyfriend who works seven days a week is about as fun as a paedophiles to do list.. üò¥,-3
465402221895880704,-3.0,@JRhodesPianist @mimi_wells @reddit OMG This woman is about as dim as a 25 watt lightbulb.  Regular churchgoer-bah!!!!!,-3
465398340231114753,-4.4,You're about as useful as a poopie flavored lollipop,-4
465396156760338432,-3.0,"Once again we see #Melton Labour has about as much substance as one of Ed's empty gimmicks. Never an alternative, no ideas ‚Üí just sit &amp; moan",-3
465393539200086016,-2.6,RT @KMTwallad: Today i am about as motivated as the guy who drew the Japanese national flag,-3
465390711655788546,-3.2,@nigerun_dayo JOSEPH NO. YOU'RE ABOUT AS STRAIGHT AS A RAINBOW.,-3
465388802454745088,-3.4,@AnneMariePuso I want triangles on my chest about as much as I want a lobotomy #nothanks,-3
465387118437494784,-3.6,You are about as on the ball today as a dead seal.,-4
465386117496573952,-3.4,Fucking with a known player/cheater is about as stupid as sticking your hand in fire and expecting it not to burn. Let's be smart.,-3
465385443186737152,-2.8,@louistheroux about as subtle as a wrecking ball on a demo site lol,-3
465385185417363456,-4.2,"@OtakuDante @Treyarch no offense to you hon, but does it really matter, Ghost for esports is about as shit as a hooker with morals. #js",-4
465385106606002176,-2.4,RT @andrewhake: @JaclynGlenn Probably about as effective as hashtag activism.,-2
465382138628427776,-0.6,Listening to a #cat #purr and purr is so pleasant. It's just about as good as #whitenoise,-1
465375991737487360,-4.4,Newcastle you are about as helpful as a pedo at a teddy bears picnic...bastards... #NRL #Tipping,-4
465373786674831360,-3.6,"RT @PotterWorldUK: ""Deliberately causing mayhem in Snape's class was about as safe as poking a sleeping dragon in the eye.""",-4
465373606512713729,-3.6,Sleeping with a pinched nerve in the middle of your back is about as easy as getting a hole in one with a football bat in a roller derby.,-4
465370778528411648,-3.2,"Yes this negro,is rather lethal,you about as lethal,as a mojito",-3
465366318997200896,-2.6,RT @thisisnottoshi: My weekends are about as exciting as drywall,-3
465366211665330176,-2.6,I think I'm going to be about as useful as a chocolate fire guard today. #Sleepy,-3
465364534753243136,-2.8,The original Godzilla is about as subtle about being an allegory to nuclear war as a brick to face.,-3
465362292113412096,-3.4,RT @IceHuck: I'm about as confident as a wet turd.,-3
465360335478611968,-3.0,RT @iamjohnoliver: Russia's record in gay rights is about as good as it's record in non-potato based alcohol.,-3
465359277171826688,-4.0,You make about as much sense as a screen door on a submarine. http://t.co/z59nRTlrUj #DaDailyInsult,-4
465357102916333568,-4.0,Monogamy is about as appealing as a glass of poison served next to a shit sandwich.,-4
465351669807456256,-2.0,You're about as threatening as a baby chihuahua. #sitdown üòÇüòÇ‚úã,-2
465351277162266625,-3.0,A paperless office has about as much chance as a paperless bathroom,-3
465349107323011072,-3.6,"RT @dejabaabe_: ‚Äú@h0lllllllly: what are ""friends?""‚Äù they are about as real as unicorns .",-4
465343848089419776,-3.0,Edith's about as mysterious as a bucket. Sometimes Downton Abbey shade is darker than anything else I've ever heard.,-3
465342225665097728,-3.2,Just turned off SNL...so bad.  Charlize Theron is beautiful but about as funny as a ruptured spleen. Seth Myers come back!,-3
465341806297624577,-1.4,Tiago Splitter plays basketball about as gracefully as Cosmo Kramer would.,-1
465341188229185536,-3.2,RT @DaveDeckard: Blazers' decision-making process about as sound as a drunk 13-year-old.,-3
465340421661409281,-1.6,You about as Spanish as Ryan Seacrest,-2
465337665341366272,-2.4,I'm always rhyming off adverts when they come on tv.  That's about as exciting as my life gets.,-2
465334053894651904,-3.0,@jay_ways the Spurs are about as exciting as a bag of dirt,-3
465334041307127808,-1.0,I'm about as photogenic as my cat http://t.co/YBL7YeRbuv,-1
465332593433378816,-1.6,I feel about as sure-footed as a stuffed mountain goat right now #overheardatorienteering‚Ä¶ http://t.co/W8SKUKFIMS,-2
465332215644426241,-2.6,@FilmsWith_T @P0LISHPHEN0M @Fogsmoviereview HAHAHA...about as promising as a dark cloud #TeamMightyMites,-3
465332006029492224,-2.0,"Very good flick.  Film critics about as accurate as mock NFL draft ""experts"" @CaptainAlabama @bkleeal",-2
465327749788626944,-2.2,"RT @TheCheerBook: Welcome to my school, where people appreciate cheer about as much as stamp collecting.",-2
465325782332899328,-3.4,@MileHighGreco @nfl Draft grades are about as useful as windows in a Navy submarine.,-3
465325122413293568,-3.0,"RT @TheeJesseHelton: ""A Million Ways To Die In The West"" looks about as appealing as dysentery. Don't know how folks still find Seth McFarl‚Ä¶",-3
465423102462013440,3.6,"Today will be about as close as you'll ever get to a ""PERFECT 10"" in the weather world! Happy Mother's Day! Sunny and pleasant! High 80.",4
465415311962161152,1.8,Pinterest is about as addicting as Twitter..,2
465395750650667008,-1.4,Lmao I'm about as crazy as Norma Bates minus the killer thing,-1
465394422453395456,-0.2,"@spoonfayse and for a series where the central theme is death, it's handled in about as cold detached way as most action movies",0
465393890686558208,0.0,Tim McGraw in a wife beater and cowboy hat is about as perfect as it can get,0
465381644929486848,-4.0,@Blazerbadger about as bad as booing your team at half time! Some people suck!!,-4
465377353527721984,-3.0,You know when you're about to do a half marathon &amp; you feel just about as unfit &amp; unprepared as you possibly could? Yeah that!!,-3
465375163861569536,-3.8,I'm about as lonely as crackers that supermodels eat.,-4
465370216281952256,-3.8,My phone screen is just about as shattered as all my hopes and dreams.,-4
465363182798635008,-2.8,"RT @sirjayy: People that say ""years young"" bug me about as much as people with dumb political bumper stickers. Which is a fuck ton.",-3
465344442543529984,4.2,"I think @KDTrey5 summed it up about as well as you can. ""You sacrificed for us. You're the real MVP."" Happy mother's day mum! #simplythebest",4
465338960949309440,-2.4,When my phones dead its about as useless as a brick,-2
465399525960466432,-0.4,"Human beings are emotional creatures, so to speak.--- „Äå‰∫∫Èñì„ÅØ„ÅÑ„Çè„Å∞ÊÑüÊÉÖ„Å´Â∑¶Âè≥„Åï„Çå„ÇãÁîü„ÅçÁâ©„Åß„ÅÇ„Çã„Äç",0
465397944758194176,2.6,"RT @quixem: Parker is thoroughly outplaying Lillard in the series. He's been baptized, so to speak. Interesting to see how he fares next ye‚Ä¶",3
465396513183891456,2.4,@redboardie I know as all the countries vote for their friends and neighbours so to speak we were lucky to finish so high up,2
465390980514852864,0.6,"@Ssssmmmileeeey You I‚Äôm not worried cuz we‚Äôve had piss-takes before ;)  @JanetteMattey Ah, Jan, Jan‚Ä¶ still testing waters so to speak haha üòÑ",1
465378241466101760,1.4,"@write2recite Jumping to other writing projects that I enjoy more tends to help me (essentially) recharge the batteries, so to speak.",1
465362815914491905,0.0,RT @CariChampion: So am I the only one to acknowledge Timmy Duncan's new swagger... Since he became a new man. (So to speak),0
465355712218931200,-1.0,@BucketfulOfHate I've found its worse going the other way - so to speak ;),-1
465355393367945217,1.0,@izensei Going out big so to speak,1
465353095744987136,-1.6,"(Post 9)  possessed hearers entered into the tabernacle of worship, and having ""their feathers ruffled"", so to speak, the demon ---",-2
465351318769778689,0.6,"@TheWarRoom_Tom @KashannKilson @cindynorth1 oh,I am aware of that. Just saying ""civilian"" academia struck a new note for me,so to speak.",1
465350618891026432,3.0,"@Please_See_Me as she went. ‚ÄúIt is rather marvelous, I admit. Built as a home away from home, so to speak. Somewhere I could go, like Him, ~",3
465350508224344065,3.0,"@Dahls1 that's what i thought, but take it as the best part of my growth apart from the education. broadening my horizon, so to speak",3
465345782673981440,1.2,"@BruinsDaily @myregularface @BostonDotCom @_TimRosenthal Can we get a shot of Gorges pouting face? I bet it is Priceless, so to speak.",1
465343938455293952,1.6,"@MishaLawless @maggiehenry204 @islandchickny @Jen_s_2013 @xodawg @LuWaynea @hertscon53 @IngridDnF Misha got the ball rolling, so to speak.",2
465342871176900608,-1.4,"@LongtimeBru it's disconcerting, just seems like everything was done 'on the fly' so to speak. PP always our achilles.",-1
465342587998863360,2.0,"@cindydintn my honor, my life was saved by a corpsman as a baby... I repaid my debt so to speak",2
465336252619698176,3.4,@alexinheaven_ @timmyinheaven @ryaninheaven Brothers forever all in the same room so to speak and acting like causal friends forever.,3
465333291680555008,-3.8,"This is why India is so fucked up now cause their ""spiritual time"" so to speak with the earth kundalini is up.",-4
465332020718346240,-3.2,"finally got some free time.. and then the Internet ""rains on my parade"" so to speak. D:",-3
465331182377664512,-0.2,"@jttiehen Another great caption from that article. Searle: ""How does he think he can, so to speak, get away with this?""",0
465328752994443264,-0.4,"@wyshynski here's pie in your eye, so to speak.",0
465323804039077889,2.2,"If you play your cards right, so to speak and make wise moves you can actually come back with a significant winnings from a game.",2
465322049997918209,-0.2,"@haggersnash @treestman Insert your own punch line. Uh, so to speak‚Ä¶",0
465318371836579840,2.6,"All snug in their beds, so to speak! I cannot believe how beautiful it looks outside, however it is freezing at... http://t.co/NceKmDm7iA",3
465309754395344896,-1.4,"Shots have been fired as @PolishedFake has questioned @BuffSensation's.... ""Manhood"", so to speak.",-1
465304309391839232,-1.2,"I have a brag.  As many of you know, and some may not, my son is autistic, on the spectrum so to speak.  In the... http://t.co/4DNlyFu6SL",-1
465299203665575936,-1.4,"@romancedawns Yep but it still doesn't stop people from putting others into their ""niches"" so to speak when it comes to music sadly.",-1
465277592623255552,2.6,"Zounds but a trove of things going on in #DoTheRightThing are all relevant to Midgard 25 years later. #SpikeLee, a Master. So to speak.",3
465275360049762304,1.2,"Finally got through sorting the ppl I follow on twitter, had to trim the fat so to speak of unfamiliar ppl. Star marked my fav ppl too.",1
465274275981578240,-0.4,"In other reptilian news, I'm hoping to see a gator or two in person, so to speak.",0
465271485054324738,-0.6,@mrschupa Just me and the girls get tin' outta Dodge so to speak.,-1
465264632878215168,-0.2,"@gilbertandgrim @nekomusmue I felt that ""drag"" was simply: ""Putting on the opposite gender's clothes."" (so to speak)",0
465260233699258368,0.8,"@Galaxy2Alex I didn't have a dog in the fight, so to speak, so I just voted based off of entertainment value!",1
465259544613236736,-0.4,they really shud make farting part of yoga... i find no other way to centre my core... so to speak,0
465255280029466624,2.0,At least the Austrian had the balls (so to speak) to keep the beard on take note Dana International you need balls,2
465248700269219840,1.4,Definitely on the road to recovery now other than some difficulty sleeping.  Should be back in the saddle so to speak soon enough.,1
465248272576020480,0.0,im in a good mood im just very...hot &amp; bothered. so to speak #turnontheAC,0
465246590304026624,0.2,@pabbloefc True but not scoring there would leave plenty for those others to get between the goal posts so to speak,0
465243647223406593,0.8,@MrJaySandburg @BallePage And yes...we do have a list of songs we have yet to hear in concert. Our 'white whales' so to speak.,1
465243288120070144,-1.2,"@nicoletayw like you said, some people just thrive on drama. She's one of ""those fans"" so to speak. Has to be the one &amp; only ""biggest fan""",-1
465241769236779008,0.8,"Constantly carrying around Olbas oil as if it were ""My precious"" so to speak...",1
465240399439986688,-1.6,"@IWFICON but shes a fat woman doing a thin woman, so to speak",-2
465239621946048512,-1.0,"Time to take the dog for a quick walk, Before the climax, so to speak. Back soon.",-1
465234165068464128,2.8,"Without wanting to blow ones trumpet so to speak, but this auld body of mine still holds an attraction to the opposite sex, proof today",3
465233140575789056,-2.0,@charmacc @TrevorCBC that's the end of the line...so to speak.,-2
465231766673174528,-3.4,"Old age is, so to speak, the sanctuary of ills: they all take refuge in it.",-3
465229073149468672,1.6,"I really like how Epica stays authentic and never ""sell out"" so to speak. That is true of them more than perhaps any other band I listen to.",2
465223335379361792,-2.4,"When I stood over my dad's dead body, it really hit me that this life is fake (so to speak). And all the things we talked about were real.",-2
465220134303703040,-1.0,"If I married Michael Sam, my name would be Sam Sam. But I guess that ship has sailed, so to speak. #SamFans",-1
465219035949318144,-0.4,New Bond Theme #RiseLikeAPhoenix #Austria #Eurovision Shirley Bassey on steroids. So to speak.,0
465216632034721792,0.2,"@StephenSerjeant it‚Äôs true: @garwboy is a High Preist of the europop sect. He can see with ‚Äòeurovision‚Äô, so to speak",0
465204964524961792,-2.0,"@SirWellingtonZ I imagine such a background puts your feet on different boats, so to speak, and you never feel like you belong in either.",-2
465204887903825920,1.2,"The spirit, also known as the mind, was what gave man his individuality, or personality, so to speak.... http://t.co/4ZKQKRw9pL",1
465204404996427777,0.8,"@judietzuke I'm coming at it all fresh. I have no idea who's on. It'll all be fresh out of the tin, so to speak üòöüòöüòö",1
465199507219947520,-3.4,"That's just trying to force gay down my throat, so to speak!! #BGT",-3
465193085161332736,0.8,"Just goes to show - never underestimate the Power of Darkness. Thanks to Armaros we‚Ä¶dodged a bullet, so to speak‚Ä¶",1
465192005019402241,2.8,"@ericbolling I wldnt put Angelina Jolie in w/ ""the celebrities"" .  She actually goes over&amp; helps &amp; aid.  Gets her hands dirty so to speak.",3
465190425264160768,3.0,"@Buddha_aka_me Hah! Well done, then. :-) You had the last word/laugh, so to speak.",3
465188502317961216,-1.0,"@ZamanX90 just quoting @vharshana . Don't kill the messenger, so to speak.üòõ",-1
465181096985231360,-2.0,"#MarriageBootCamp:  @bridezillasofia, It's so hard to be in their life, present, when they keep the ex. On speed dial, so to speak.",-2
465179953244676096,1.0,"@jstabila yet more good pics.neven if they are not ""out of this world"" so to speak.",1
465176868808056832,2.6,"@kinkykiedis @Strut__Laady @wandinka87 @MySmilingSoul tho they¬¥re nice so im back online, back in safety of my bedroom, so to speak lol",3
465176008568872960,2.4,"RT @NudgeAndNurdle: There is a campaign group for Manston, @SaveManston, hope it grows  or 'flies', or so to speak :)",2
465174284328239104,0.8,@Amelia_CKing No I follow DFID on here so it just fell into my lap so to speak! If i see anything else I'll let you know :-),1
465172562994274305,-1.0,So you have the 'understudy' this evening. The sorcerer's apprentice so to speak. Excuses in early if there are any cock-ups!,-1
465159419270295552,1.0,And we're off to the races so to speak. Or production goes up August 1st: http://t.co/4vmA0yBp26,1
465157638486228992,1.2,@ocell slowly. but apple shouldnt care bout its early traction. contracts + the apple brand/itunes could be an overnight success so to speak,1
465153341069066240,0.2,@pamela_ton According to my brother this stuff happens all the time.  The advent of social media has pulled back the curtain so to speak.,0
465146272362426369,-1.2,"@j3rfAFC @BonesOfStone Exactly. But every time that particular one had some ""bad press"", so to speak, that's always the talking point.",-1
465140329042444289,0.0,Not into cycling but when in Rome so to speak #giroditalia2014 http://t.co/1vKzRHC0mt,0
465120609353990144,-1.6,"‚ÄúWrite to please just one person. If you open a window and make love to the world, so to speak, your story will get pneumonia.‚Äù - Vonnegut",-2
465118744965287936,-2.2,"@the_gneech Ah yes the poster child, so to speak, of horrible commercials. Brings back memories.",-2
465097959903088640,0.6,"So, who can you recommend to follow during the Giro? Always on the hunt for fresh meat, so to speak. Why I rarely eat at Jamie Oliver's...",1
465073651415384065,2.8,"@pdicaprioFP911 @JStathamFans It certainly hits the spot, so to speak",3
465072679889158144,-1.2,@Bigfunkz I've been doing my ting for 7 years and I've got loads to learn. I haven't mastered it. The proof is in the pudding so to speak,-1
465069555640180736,-0.8,"And it's not that I don't choose to be in ""attack mode"" it's just James tends to stay.....respectful so to speak.",-1
465057868182351873,-3.0,"There's no point in talking back to Nick. He is a ""dictator,"" so to speak. „Éã„ÉÉ„ÇØ„Å´Âè£Á≠î„Åà„Åó„Åü„Å£„Å¶ÁÑ°ÈßÑ„Å†„Çà„ÄÇË®Ä„Å£„Å¶„Åø„Çä„ÇÉÂΩº„ÅØÁã¨Ë£ÅËÄÖ„Åï„ÄÇÔºìÔºóÔºì",-3
465047357160435712,0.4,@secret_hamster Lol. #LittlePerson and #MediumSizedPerson are my second bite of the cherry so to speak.,0
465038792492331008,2.8,"As INDABA-virgins, so to speak, we are so glad we came...what a cool event for meeting even cooler people! @SATravelTrade",3
465034446903996416,-1.2,"@celticservant unsure of ‚Äúcurrent rate‚Äù so to speak heard a few horror stories price wise c¬£150-¬£200, as many feel league has went &gt;",-1
465028663323291648,-2.0,"Those gibberish,nonsense words...within that lies a clue..I wonder who is the one can deciphered the riddle.Or so to speak?.Creepy...genius.",-2
465008096818249728,-2.2,"I'd be  much more worried about GMO getting in our food chain, via the back door so to speak....... http://t.co/0PnnX2lVkv",-2
465002069871837185,-2.8,"@dfkm1970 all our hashtaging fomo-inducing friends did was catch their fire, so to speak, by internalizing this condescending ideology",-3
465000055166873601,-2.2,"@aegies Well, that‚Äôs a perfectly cromulent emotional response. Though, Winona‚Äôs old-age make-up did not age well, so to speak.",-2
464981789077807106,2.8,"@Amylynnowens anytime you need an ear, so to speak, I'm here for ya",3
8634493242,-2.4,"It's better to plagiarize from Encarta than from Wikipedia, because people actually read Wikipedia.",-2
269278496424083456,-3.2,I just assumed Greek yogurt had hair in it.,-3
65448069851906048,-4.0,Don't assume you can walk into the New York Times and get a job cleaning toilets. You have to work as a features editor first.,-4
5074054276,-2.0,Change British spelling to American spelling or risk being hung as a spy for the Queen.,-2
399951701039255552,-2.8,It's rude to be happy in an office.,-3
413318263570178048,-0.8,i cant believe its almost been a year since the world ended,-1
256895848292691968,-2.0,"I‚Äôm in shape. Unfortunately, it‚Äôs the wrong one.",-2
385814010169286656,-3.2,"Check out this rock I found today - I named it ""Congress"" because it's doing nothing and getting in the way. http://t.co/mUdtZtbSQT",-3
282931646645293056,-2.6,Shopping at Walmart to test my immune system.,-3
16847979647,-2.6,Presidential missteps are always the fault of the previous administration. See also: Presidential accomplishments.,-3
15063904711348224,-2.8,Just how many planets *do* I have to blow up before I'm named TIME's Person of the Year?,-3
411288240797536258,-1.4,Don't be ashamed of who you are. That's your parents job.,-1
390565502290239489,-0.8,Never give up on your dreams... keep sleeping.,-1
450778822384705536,-1.0,Don't forget that the internet will be full of lies on April 1st. (probably also on all the other days as well),-1
440086029542760448,-1.2,"I've got a body just like Beyonce, skeleton-wise.",-1
282336624333946880,-2.8,We're raising our kids Catholic so they'll be militant atheists.,-3
434076667166732289,-2.6,Just found out heroin works for migraines. Thanks NPR!,-3
437271587008839680,-2.2,I love my six pack so much that I protect it with a layer of fat,-2
352923511150493696,-0.2,"If I ever turned invisible, I'd go to Paris and beat up a mime. The amount of applause he'd get would be amazing.",0
8923309095,-2.6,"If you feel like your technology column is lacking something, it's probably condescension.",-3
442390392395157504,-2.0,"Saying ""all religions are basically the same"" is a fancy way of saying, ""learning stuff is boring.""",-2
212706124447760385,-2.6,Christian rock singer defies stereotypes with her edgy lyrics and ugly face.,-3
423237928748216320,0.4,A bagel is a donut with an office job.,0
406833965140824065,-2.2,"Guys if you ever want to imagine what a woman's mind feels like imagine a browser with 2,859 tabs open. All. The. Fucking. Time.",-2
374526966575427584,-1.4,RT @JaySuch: I'd rather leave my kid in Target than forget my iPhone charger at home.,-1
394615777996726272,-2.8,I have this recurring nightmare called a job.,-3
275281247897518082,-3.0,Getting back with your ex is like taking a shower and putting back on your dirty underwear.,-3
436735609630380032,-1.2,"I call my antidepressants my ""Optimism Lozenges"".",-1
447354888398585856,-2.6,My cat tries to cover up her shit more frantically than a congressman on Scandal.,-3
376391473811320832,-4.0,Sex with Hugh Hefner must be like watching someone try to puncture a Capri Sun pouch with an earthworm.,-4
343389623793373186,-2.8,You should start a business... minding your own! #sarcastweet,-3
333108822015107073,-2.8,"In tropical tourism destinations, fatal snake bites are not considered a good marketing tool. Though there are... http://t.co/0uVQZKrVLZ",-3
459054903311077376,-3.8,4-times divorced wife-beater doesn't believe in the sanctity of marriage. Shocking. http://t.co/wfD2y7LX2c,-4
3134587228131328,-3.4,"No, i haven't gained weight.. Your eyes just got fat #sarcastweet",-3
265430481435258880,-3.6,NOTHING travels faster than the speed of stupid,-4
388283065048793088,-2.4,Team physician playing Candy Crush during a game. Thanks for coming out Doc.,-2
373671213333090304,-0.4,When I get to da club people part like I'm Moses.,0
268498320010387456,-2.4,"When a woman doesn't wanna get married she's a weirdo, when a man doesn't wanna get married he's George Clooney",-2
12178656008,-2.4,"When summer comes and California starts burning, try to act surprised.",-2
5987998129,-2.2,"Vegetarians, environmentalists, and animal rights activists may be collectively referred to as ""Communists.""",-2
244959655992893440,-2.6,"From now on MARS will be renamed KRISTEN STEWART, because it's cold and distant and we're paying too much attention to it.",-3
465200378389495808,0.6,@BrassBrutal @WrestlingMSW I figured I'd throw you a proverbial bone broseph. Plus it's dawned on me that you have the disposition to .1/2,1
465196995590623232,-2.2,Beastly effort for 3/4 of the game was not enough to sustain #TripleThreat 15U Black this morning. Proverbial tough loss.,-2
465192034178187265,-2.0,"Being Honest,National Newspapers give Independence(not Nationalism) serious arguments (in favour,)as much chance,as Proverbial Snowball/hell",-2
465190829175615488,-2.4,@dandocarter ain't cutting the proverbial mustard,-2
465190337821286401,-2.0,"@dmcbfs @SeamyC Problem is, SDLP so hubristic they'd use SF help to get them 'across', like the proverbial scorpion &amp; frog, and turn on you",-2
465189864749944832,2.6,Smash the proverbial bottle of champagne at the @mayfestbristol opening party 15 May #campery http://t.co/9850vAh59n...,3
465189618129043456,1.8,RT @martin_crowson: Croft is absolutely blowing out of his proverbial on his comeback. Pace of game is relentless.,2
465188961036423168,2.0,@raminkarimloo and lots of twitter too? :) Feel better Ramin! Guess it would be safe to say you almost broke the proverbial leg... haha,2
465186833123799041,-2.4,Proverbial doo-doo is hitting the fan.. Big news tomorrow. http://t.co/3VZTuNbnGX,-2
465185097084583936,-1.8,RT @Woodythedrum: Shaking like the proverbial shitting dog and watching Tina Turner videos #classichangovervibes,-2
465183364451160064,1.2,"So I just found the Cher vid of Heart of Stone from 1990. Wow, talk about showing her anti-Republican side even then!",1
465178912558161921,1.4,@awhooker the very concept elicits a certain admiration - a bit like the proverbial idea of a streaker at Queen Victoria's funeral,1
465156519253012480,-1.0,#Denial: More than the proverbial Egyptian river. You can help the #addict in your life get out of the water. http://t.co/uE9h1wSUH4,-1
465151086664249344,-0.6,@_NIKD_ Are you suggesting that there hasn't been a push to secularize more and more of the proverbial public square?,-1
465144560356962305,2.0,"Ensconced for a week in #Polperro. I've wine, books, a view &amp; an Inspector Morse box set. I'm a pig in the proverbial http://t.co/NM2pinI3eg",2
465143309795885056,-1.2,"@balisally That's what we thought. Looked in fairly good nick, although  no power cable. Maybe it feel off the back of the proverbial lorry!",-1
465141324052570113,1.4,@CC_Sabathia Goes today against the team who beat him like the proverbial mule. Hope he gives them the best he's got #Yankeeswin,1
465127018007240704,-1.4,"It doesn't matter how much I have over him in the proverbial game of life.  Point is, he has someone who loves him romantically y'know?",-1
465119777124798464,-0.8,since March been running full speed life's proverbial treadmill. continues today with this dawns early light present  http://t.co/sP1YAntq5I,-1
465114409455861761,-1.2,@alex_lawson94 They've made us travel for that? They either have some serious ground equipment or they're taking the proverbial.,-1
465113383860056064,0.4,"@PassionateFanPH I am tweeting from the afterlife. After more than a decade of being a fan, the tennis gods has thrown me a proverbial bone.",0
465106033858576385,-3.6,@GStuedler we're the proverbial frog getting slowly boiled in the pot of water.,-4
465104637394448385,-2.0,"Unfortunately, all FLOTUS achieved was making a mockery of something very serious. She HAS the ear of the most important man in the USA.",-2
465104056248451073,-1.6,Remember: it‚Äôs a squeaky wheel that gets the grease. We‚Äôve seen that if you make a big enough noise there is often a responding action.,-2
465103039343636480,-1.0,"in case you r wondering what is going to happen if both fall,bama is right back in the proverbial catbird seat,,lma",-1
465089377245609984,-3.8,"RT @JohnFromCranber: Like the Proverbial Frog in a Frying Pan, Americans are Surrendering Their Freedom Incrementally. IT CAN HAPPEN HERE h‚Ä¶",-4
465080006285066240,-1.2,The proverbial revolving door...Former NSA Chief Keith Alexander to Launch Private Cybersecurity Firm http://t.co/s6RdaYpBLu #UniteBlue,-1
465060912270168064,-2.8,@vegieguy Those ramps in Virginia are a pain in the proverbial..... üòÅ,-3
465041950832611328,-3.2,"RT @GibralTarik1: Spend spend spend like there's no tomorrow! Keep the populace happy and when the proverbial excrement hits the fan, blame‚Ä¶",-3
465014028650418176,-1.8,"At stupid o'clock... ESPECIALLY if the house was a quiet as the proverbial church mouse, she was NOT to, under any circumstances",-2
465000804445724672,-4.0,I wanna puke my proverbial brains out.,-4
464996952736673792,-2.4,"The proverbial lemonade that I made  I made my mistakes, you see life's lemons often times come in a abundance,",-2
464984644140539904,-0.6,Blake sporting the proverbial crimson mask,-1
464965706657058816,-1.8,"i know im really going way out on the old proverbial ""limb"" here so no offense but in my opinion if something is bad you shouldnt do it",-2
464962954333798401,-3.0,Consumerism is used to control the populace in the same way that the proverbial carrot is used to control the proverbial horse.,-3
464958562796830720,-3.0,"Hello hot and almost humid weather, hello break out zone on my nose. My face goes from dry to oily like that. So frustrating.",-3
464954460582600706,-1.0,"I think the pitchers need to take the ""hitters"" out behind the proverbial woodshed.",-1
464951866032279552,0.6,We got some very humbling feedback about WBBJJ today.  Thanks for sharing the proverbial mats with us. http://t.co/L3cP0texRZ,1
464951390326890496,-0.4,"@ScottyBurberry Dying for the proverbial kick in the pants, is my guess. :D",0
464945149337161728,3.4,Way to go Michael Brantley.  Great start to the season.  Proverbial brand new ballgame.  #rolltribe,3
464937359536955392,0.6,"Talk about the proverbial ""Roller-Caoster-Ride"" (A 20th-21st Century amusement ride) that sent several people up and down emotionally.",1
464925766065455105,2.6,@SkyyV1: @oliviackcs @cub1fan1962 @7trekky....this has to be the proverbial cake topper #salivating http://t.co/x9wPpqNPTTOh my‚òÖ‚òÖ‚òÖ‚òÖ,3
464921910728327168,0.0,Welcome to the left coast @suckbaggreely ... A proverbial golden gate shot #latergram http://t.co/Q9AtVVB10P,0
465057878928527360,-2.4,Morning! How would you like to hear a proverbial song about crippling anxieties? üòÑ http://t.co/4uY6bhLPYU,-2
465201458758295552,-1.4,Although I may try putting the visuals on mute so I can have both presentation AND snark.,-1
464143759651794944,-2.4,Just once I want someone to take my hand and introduce me to people like they are proud of what they have #yeahright #quotes,-2
464108293875859456,-2.4,I don't think aiming for an ass like Beyonc√© and a flat stomach by August is particularly hard... #yeahright #needmotivation,-2
464102398362152960,-2.4,It's like we're all meant to be Zac Efrons #YeahRight,-2
464090909697507329,-3.8,Can't wait till I can come home one day and some one will actually be excited to spend time with me. #yeahright,-4
464020751410933762,-2.2,"The fact that they're on their way to Hampton, NH today is really no big deal. üòÑüòçüò±üòè #YEAHRIGHT‚Ä¶ http://t.co/nLhdZMeGvN",-2
463934741209550848,-3.4,In essence Thai Constitutional Court punished nepotism. Which was clearly non-existent before Thaksin #Yeahright,-3
463889314871406593,-3.2,keep prioritizing the wrong people cause it's not like you're gonna lose the people that always wanted the best for you #yeahright,-3
463878731254099968,0.0,"Just a friendly reminder, outdoor pools open in 18 days... not excited at all #YeahRight",0
463865003267719169,-2.8,And you say you care #yeahright,-3
463843350357884928,-2.8,People who clap and make tons of noise just watching TV are my favorite type of people.... üòè #yeahright #shutthefuckup,-3
463835984560279552,-1.2,Lol if they think I'm going to work the day after prom #yeahright,-1
463822751686340609,-3.2,Rumors are so awesome especially from a good friend.üòí‚úã #yeahright,-3
463790279137320961,-3.8,Went to my old house yesterday to pick up my son.  Its a fucking pigsty. Yet I was the lazy bitch who didn't do anything #YeahRight,-4
463779825270800384,-2.2,Once the votes close they will be tabulated by an impartial company after the impartial jury votes have been added. #YeahRight #Eurovision,-2
463757989162143744,-1.8,Got to feel sorry for Wayne Bridge - all he's got left is millions of pounds and Frankie Sandford #yeahright,-2
463718107622547457,-2.2,Here's hoping I'm not in debt after college..... #fingerscrossed #yeahright,-2
463664129639608320,-1.8,I can‚Äôt wait to take this exam! #yeahright,-2
463573103893700608,-0.8,Boo sent me a selfie today. You lookin good baby. #YeahRight #wishfulthinking http://t.co/URvFaMi3sD,-1
463480072582619137,-2.4,School is my favorite part of the day. #yeahright,-2
463479489432125440,-2.4,I guess one out of six isn't too bad #YeahRight,-2
463478621697372160,-3.2,Maybe they'll make flights more comfortable now #yeahright RT @latimes: Airline profits soar to $12.7 billion http://t.co/beci9Kx2o4,-3
463457231191560192,-3.4,"I love how you talk to someone else while still living with me, but you are ""trying"" to work on yourself to save us #yeahright #lies #overit",-3
463435831261560833,-2.0,"Don't worry scousers, I'm sure the mighty Aston Villa will keep Man City in their place on Wednesday! #yeahright #sorryliverpool",-2
463434263828783104,-2.0,When dad says he won't take long in lowes #yeahright,-2
463402843961958400,-3.0,"One week ago you were totally in love with your boyfriend &amp; now your totally ""in love"" with another guy? #YeahRight",-3
463386503717339136,-1.6,Time to get my diabetes on!! #Lunch #Food #FatProblems #FatKidLife #YeahRight!! http://t.co/40PVICKM85,-2
464087407890284544,-2.4,So my landlord says no noise after ten. Like what? Are we kids?. #yeahright,-2
464057533678616576,-2.8,My macro professor seems to think that the U.S. is going to be able to pay off the $17 trillion debt at some point. #yeahright,-3
463934024021319680,-3.2,wow! Some publishing company is claiming this original song of mine is owned by them... #yeahright http://t.co/rDTPgGU76Z,-3
463930244756287488,-1.8,"I'm going lesbian, I'm over guys #yeahright #wouldneverhappen",-2
463879683180740611,-1.8,Here's to sleepin üçª  #Yeahright,-2
463866530187329536,-2.6,My favourite mythical creatures are the happy girls in tampon commercials #YeahRight,-3
463861249558577156,-2.0,Too tired to move = sleepover at my moms... Maybe she'll make me breakfast #YeahRight,-2
463827383821168641,-3.8,"Impregnated a virgin, became human, sacrificed himself to himself,  to save us from himself #MakesSense #Yeahright #atheist",-4
463681434562334720,-1.4,#GameOfThrones Spoiler: no-one dies next week. #YeahRight,-1
463679191389466624,-1.6,its never too late To make your move and take that change  #yeahright,-2
463641068412866560,-2.2,"However, Steam does require honesty from developers in the marketing of their games. #YeahRight #Facepalm http://t.co/B0GiqgdWgx",-2
463517419256819712,-2.8,"Dear god, I pray that I wake up pain free tomorrow. #yeahright",-3
463503947475337217,-3.8,love hearing guys' true intentions. #yeahright. #fuckyouverymuch. #byebye.,-4
463498665277931520,-3.6,Donald Sterling be like I'm not racist I'm negrophobic #yeahright,-4
463486215124430848,-2.6,I can't believe class day is tomorrow... #mixedemotions I pray my class can act somewhat mature :/ #yeahright #weredoomed,-3
463464198530686976,-2.0,The braves sure do fill up their stadium.. #yeahright #gocards #cardinalnation http://t.co/zDsjpCEVJd,-2
463454173783425024,-3.2,I hope all the 2nd amendment fighters out there will be up in arms over the latest blow to the 1st. #GreecevGalloway #yeahright,-3
463419445143027713,-2.0,Maybe this will mean that the summer will run late all through until October? #yeahright,-2
463408471803981824,-3.4,When people tell me they're not trying to be a bitch... #yeahright #comedy #relatable  https://t.co/rG5rOdJR6R,-3
464074189641502720,-2.2,@KatissimusDorsi is based off of a single paper that look at 2000 Costa Rican men. Not exactly scientifically rigorous.,-2
464244762485485569,-1.8,Star Trek Retrospective: Episode 43 Wolf in the Fold - This episode was not exactly a pillar of women's liberati... http://t.co/2tBWuaPbqt,-2
463978013118713856,-1.6,@DanielHarris my only counter to  that is at the expense of a lawrence or wilson is not exactly progressive for the club.,-2
464221929189421056,-3.6,Well my senior year of baseball is officially over with a fractured wrist. Not exactly how I wanted to leave the game...,-4
464586077408624641,1.0,Not exactly an exciting pick. But neither was a guard and @Ky1eLong turned out to be the best pick #Bears have made in a long time.,1
464266936122359808,-2.2,@joshbrunsting That's not exactly fair. One critic came out and rattled off six tweets about how amazing it is. It rang false...,-2
464038291432407041,0.2,"Acoustical Tile - A New Hi-Fi Component. While acoustical tiles are not exactly the stuff of RF engineering, their p‚Ä¶http://t.co/ECT0kwDz0J",0
464065452990156800,-3.4,"Ah shit , just remembered Jack the Ripper. Not exactly a good guy. Most notorious serial killer this country has ever seen.",-3
464635370974769153,-2.4,@WatfordTalk Hope he isn't as all he's managed is to take us from 12th to 13th. Not exactly progress,-2
464113089210621952,-2.2,"Not exactly the ten year plan I had hoped for, but while we're on the subject some bitch who wears sky blue and lavender is going to try to",-2
463997737097510912,-1.0,@pride52 I do have some sympathy as I have been there too - however I would say she has not exactly been the matriarchal poster girl herself,-1
464606878967013378,-1.2,@IUQuarry I think the fact we're not exactly football powerhouse might have scared Carolina so they go for a WR from the nat'l champs.,-1
464619029253332992,-2.6,@rawkwell His face when it was announced that Cleveland had traded up to take him was not exactly the picture of enthusiasm #mynewteamsucks,-3
464058675363971072,-2.2,Not exactly a sterling silver end to racism: People who enjoy viewing with alarm or pointing with pride had a... http://t.co/qI5N3hnaCL,-2
464412271746097152,-1.0,@SWaqarA But they're not exactly engaging in global jihad. As opposed to Al-Qaeda which declared an emergency back in late 90's.,-1
464041901734125568,-0.8,"Not exactly news, I know, but it's just never really occurred to me before, even though I'm no stranger to dipping veggies.",-1
464413880249495552,-2.6,"First cricket net of this season in an hour or so,pissing with rain,not exactly inspiring. Will prob get pinned!",-3
464663703120408576,-1.0,I mean I know I'm not exactly the greatest example of a human being. But that's okay because none of us are.,-1
464603774125101058,-1.8,sharing #suaju 'Dark House': Not exactly a warm welcome - Middletown Press #clairvoyant http://t.co/vwAs3QxdGn,-2
460326825999478784,-1.4,"whoa, 20 goals this season. Imagine what would Giroud do if he was good striker. #sarcasm",-1
460320480214269953,-2.2,"Everyone have friends who always can't finished their food .  "" I think u shud order the most expensive dish . I will wait .""  #sarcasm",-2
460319816910245888,-2.8,Exhaustion is an understatement at this point. Evacuating your attraction at the end of an already tiring week is just super cool. #Sarcasm,-3
460318153911054336,-3.0,Waking up at 3am for no reason! It's super fun! #sarcasm,-3
460318032850456576,-3.0,"Insomnia at it's best, because of you. Thank you. #sarcasm",-3
460317720685195264,-1.8,"After watching Saving Mr. Banks I can do a report on P.L Travers, right?  #sarcasm #highfivingMyselfForFoolingYouForTwoSeconds",-2
460316897800896512,-3.0,Love when you're wide awake at 3 in the morning like I really wanted to think about everything going on #sarcasm,-3
460315925900587009,-3.2,Oh so your attracted to the dumb drunk girl who can barely walk...oh that's cute. #sarcasm,-3
460315447339274240,-3.2,"#Sarcasm - If you don't get it, it's cos you're too smart for it ... https://t.co/dGkUeJfhe2",-3
460312761936146432,-2.8,So I just bit the inside of my cheek and it's bleeding.... Good job Alexia good job. #Sarcasm,-3
460307324003840002,-3.2,That awkward moment when the security guard that works for the hotel shows up 45 minutes late and smelling like pot #IFeelSoSafeNow #Sarcasm,-3
460305732760395776,-2.8,Glad to know he's more than a friend... #wtf #sarcasm,-3
460305580255502336,-3.0,Jes and I have to be the most attractive couple #sarcasm #wesuck haha,-3
460304520270974976,-3.4,I love my life.  #SARCASM,-3
460304333209227265,-2.4,I found some interesting things out about my self that I didn't even know woah #sarcasm,-2
460302760869916672,-2.4,Wow. Giggs is such a natural. Man.Utd beat The mighty Norwich! #greatestmanagerever #sarcasm,-2
460300866818670592,-3.2,RT @ChiKnight180: Thank You to those individuals that ruined sixth street for me #sarcasm,-3
460299923125063681,-2.8,The house behind me has their backyard high beam lights on again... yeah! #sarcasm #stayupallnight,-3
460296139216941056,-2.6,Made my night lol #sarcasm,-3
460294767772172288,-2.0,yay i'm home before two ........#sarcasm,-2
460293318287441921,-3.4,This guys designer jeans are easily my favorite part of his concert #sarcasm,-3
460292858340048896,-3.2,Can today get any lamer please? I want it as lame as possible. #sarcasm,-3
460291126118055936,-3.2,I loveeeeeee my life #sarcasm,-3
460290883905388544,-3.2,Im so glad I trust you. #sarcasm,-3
460290781903732736,-2.6,I just love 16 hour shifts. They are my fav.  #sarcasm,-3
460290456601903104,-2.8,Soo glad my best friend has checked on me lately #sarcasm,-3
460288734294851584,-3.2,"Yay, chunky dog vomit to clean... #sarcasm #toomanystickseaten",-3
460287966632374272,-3.0,I'm full really- I had a big gulp of wind before we came #sarcasm #badservice,-3
460287840257978368,-2.4,"In other news, Heather just burnt milk. So I see being a good housewife in my future! #sarcasm",-2
460286257336049664,-2.8,I mean it's not like I want to hang out with friends or anything on the weekend I just love being bored at home the entire time #sarcasm,-3
460284651148685312,-2.2,12 days til my birthday... yay #sarcasm,-2
460284592100876288,-2.8,"Heard a certain little shindig got a glimpse of the red, white &amp; blue... 'flashing lights' edition 2night. I'm... SHOCKED #Sarcasm #Busted",-3
460284350492184578,-3.2,Sitting here at the house bored as fuck on a Saturday night.... Just great #sarcasm,-3
460284230988075008,-4.0,I just love when people you are so close to lie to you #sarcasm #honestyplease,-4
460283184815423488,-3.2,Love when friends steal your tattoo ideas because they can afford them first!! #sarcasm,-3
460282548728254464,-1.8,"Well, I know what I'm doing early tomorrow! Laundry. Exciting... #sarcasm",-2
460279511028744194,-2.8,This is just a great Saturday night! #sarcasm,-3
460279325221064704,-2.8,Feeling very special tonight #sarcasm,-3
460278508124504064,-3.4,Complete crap. Can't wait for @NHL apology for blown call(S) that decided the game. Because THAT will change EVERYTHING. #sarcasm #mnwild,-3
460278409470304257,-2.6,In an empty house all night while my friends are all out and about... #Turnt #Sarcasm,-3
460278232789422081,-4.2,"Oh, so you are openly racist. Please continue talking to me because I am so totally interested and not disgusted whatsoever #ew #sarcasm",-4
460278091227467776,-3.0,Oh cool. I didn't just sneeze 9 times in a row and pull a back muscle. #sarcasm,-3
460277367013777411,-3.6,Thanks refs 4 making sure you dont go unnoticed in ANY game this year! #sarcasm #drugtesttherefs #ihaventseenhookinglikethatsinceiwasinvegas,-4
460275944092356609,-3.4,Well that was completely shocking. #sarcasm #fuckyourefs,-3
460274604137660418,-3.0,It's so awesome being forced to watch the wild feed for this game. Lapanta and greenlay are so good at what they do #sarcasm,-3
460274234724712448,-3.2,That was a great play that Scott Brooks drew up. #sarcasm,-3
460272261732122624,-3.6,Man I have lovvvvvvvvved Demers these last few games #Sarcasm #IveSeenVaccuumsSuckLess,-4
460272191276204032,-2.8,Boyfriend if the year award goes to meüèÜüèÜ #sarcasm,-3
460272061676412929,-3.2,"Now we know why men are not ""bigger and better""; Women are not doing their job !! #sarcasm  @WomenOfHistory @ArchanaRaghuram",-3
460271217812201473,-2.2,My favorite part of the trip is always the bus ride to the plane ride just to get on another bus.... üòë #sarcasm #wantmybedandbf,-2
460270958528712704,-2.6,Off to work yaaaaaaay #Sarcasm,-3
460270645188636672,-3.2,Great reffing #sarcasm,-3
460270266791518208,-2.8,Ivans future is so bright guys #sarcasm,-3
460266822001254400,-3.6,I love how my mom is acting like nothing happened. I am about to kill someone here. But she has always been so understanding #sarcasm,-4
460266351525769216,-2.6,I love that the refs put their whistles away when the thunder have the ball. #sarcasm,-3
460265855092142081,-2.8,Gee.. What fun I am having.. Bleh #sarcasm xD,-3
460265242732556289,-2.8,My favorite time of the semester...üòñüòë #finals #sarcasm #AllNighter #sleepysleepy http://t.co/CfA1DUA1rc,-3
460265026058989568,-1.8,I love when OKC plays 1-on-1 basketball and everybody is out to get theirs..  #sarcasm #teamgame,-2
460264888884293632,1.8,It's was torture standing in for you sister as you can see I'm having a terrible time lol #sarcasm‚Ä¶ http://t.co/yBmHr7MgS5,2
460264808864956416,-2.0,"Man, that was the worst storm ever. #sarcasm #yousuckweatherman",-2
460264574386597889,-2.6,Pepsi Center is a rockin now!!! #sarcasm #mnwild #avalanche,-3
460264190058299392,-2.2,@rstumpy well you were with your Dad in a minivan. Sounds pretty scary to me! @blakewatson34 #sarcasm,-2
460263809501130752,-2.8,Really? Parenting at its best. #Sarcasm http://t.co/QhZrykRWLb,-3
460263269585145856,-3.4,"You know it's real when your ""friends"" save you a seat at Applebee's! #FU #truefriends #sarcasm #pleaseleave",-3
460263188911497216,-2.8,Aww wasn't that cute üíÅ #Sarcasm,-3
460261955458957312,-2.6,The perks of working downtown during fiesta. #yeahright #sarcasm #toomuchtraffic,-3
460261333099761665,-2.4,You know what I would love to see more of on FB right now? Prom pictures. #sarcasm,-2
460259106373111808,-3.2,Self-involved narcissist. Yay another one! #sarcasm,-3
460258580990406661,-2.4,"Set what you love free. If they come back, you can eat their eggs. #sarcasm #icasmelbourne",-2
460258144204365824,-2.8,I love baseball :))))))) #sarcasm,-3
460257588752699392,-2.6,WOW. EDITING PICTURES IS SO DAMN FUN. SPOT COLORING DOESNT TAKE 204984921 YEARS OR ANYTHING. #sarcasm,-3
460257303271194624,-2.6,WOW. My life is so eventful.. #sarcasm,-3
460256763594293249,-2.8,well at least the #NHL refs arent sneaky about playing favorites #sarcasm #NHLplayoffs #AvsVsWild,-3
460256076664156160,-3.2,Funny when your friends go behind your back #sarcasm,-3
460253855502987265,-2.6,Nice to see that Amazon is ensuring that ComiXology users will find the transition to new ownership seamless. #sarcasm,-3
460253817456836608,-3.4,Social anxiety is so fun! You get to be alone for so long with no disturbances! #sarcasm,-3
460251772494163968,-2.4,"Wow, the most eventful night üòí #sarcasm",-2
460251544324018177,-2.8,"Unbelievable, got a DUI for drinking two beers. They were 40 oz's but let's not split hairs. #sarcasm #eveningociffer",-3
460250639797592064,-3.4,I love sitting in traffic in a parking garage. LOVE IT. #sarcasm,-3
460249607017353216,-3.0,It's great to see how people value your friendship #sarcasm,-3
460248163039711233,-1.6,Gordon sounds like a guy who's gonna hang it up at the end of the year #sarcasm,-2
460248065908432896,-2.0,This woman asked me at work today why I cut my hair and that men don't want women with short hair. How unfortunate üòí #sarcasm,-2
460247823599288321,-2.6,I love having convos with people. Especially when they're on their phones.  #sarcasm,-3
460247119501459456,1.2,"Always try to give 100% in life, unless you‚Äôre donating blood.  #Sarcasm",1
460246783419883520,-3.2,I love when parents are responsible #Sarcasm #WatchYourDamnKids,-3
460246563684900865,-2.4,Who wants to help this lady pack?? #moving #packing #fun #sarcasm #yeg #yqr #home http://t.co/rUMk4HfH5z,-2
460245474952613888,-2.6,"So, yeah, there's a banquet that won't be awkward at all. #sarcasm",-3
460243382648836099,-3.4,"Man, so glad for the hope &amp; change #sarcasm [pic] #tcot #tgdn #PJNET #LNYHBT #ccot #RedNationRising #SGP http://t.co/zVCJr5pFm4",-3
460243382543990785,-2.8,"@rinserepeatblog Gosh, Bethany, maybe if you cared more about your followers and less about cute kids, you'd go further in life. #sarcasm",-3
460242975336189952,-2.2,Took kobe 2 yrs to hear about trayvon martin. Maybe he didn't know about sterling then... #sarcasm,-2
460241155872272384,-3.0,I love going through the Taco Bell drive thru and seeing all the high caliber individuals. #sarcasm #whatshighclass,-3
460240563682291712,-3.0,If Jeff Gordon wins this race it'll really be the cherry on top of my awesome day... #sarcasm #nascar #rainbowbaby #boo,-3
460239761915920384,-3.6,"What America needs to move forward is a rich, mean old lady with a drinking problem,a cheating husband, and a trail of dead bodies #sarcasm",-4
460238953992314880,-3.2,Seeing you with her hurts. Being blind sided tho hurts worse. Thanks for the warning #sarcasm,-3
460238520960180224,-2.8,Wow Fassbender. Played a jackass owner of slaves and jackass wannabe owner of the human race. Great versatility. #sarcasm,-3
460238029873901568,-2.6,Some Saturdays it's difficult being this popular. #sarcasm,-3
460237987784036352,-3.4,I just love taking the ambulance to the hospital...#sarcasm üòï,-3
460237628499972096,-3.2,Getting ignored makes me feel 10√ó better. Ha. #sarcasm,-3
460236963451129856,-3.0,Donald Sterling is my hero. #Sarcasm #BoycottClippers #21stCentury ?,-3
460236725931888640,-2.8,Great coaching Scotty! #Sarcasm,-3
460236415154925568,-2.8,Wow what a productive day #sarcasm,-3
460235940964102144,-3.0,"Just saw @SnoopDogg video reaction to Sterling.  Very articulate and non-racist message, Snoop.  Didn't compound the issue at all. #sarcasm",-3
460235115075862529,-2.8,I absolutely love doing essays. They just take up all my time. :) so much #sarcasm,-3
460234835425251328,-2.8,"Thank you, table behind us, for keeping everyone updated about the fight we're all watching. You must know everything about #UFC. #sarcasm",-3
460234147642880000,-2.6,I wish I could stay drunk for 5 days -__- #sarcasm,-3
460234002654568448,-3.0,Spending my Saturday night in the hospital &gt;&gt;&gt; #sarcasm,-3
460233854368743424,-2.6,"Some of you are ""so cool"" you make me want to turn on the heating unit.  #Sarcasm",-3
460295036421156864,-3.4,like damn thats some respect #sarcasm,-3
460285055210770432,-3.0,The world TOTALLY needs more Ben Stiller movies‚Ä¶ #sarcasm,-3
460270352195944448,-3.2,I love my job so much that I like to spend all Saturday there. #DQ #DQSwag #sarcasm #ihatemylife http://t.co/ZqdD2ISIIX,-3
460233313710776320,-2.6,I'm gonna go out on a limb here and say I think Wisconsin Vision is sponsoring the game. Just a hunch. #sarcasm #MarliesLive,-3
460232891478200320,-3.0,Work tomorrowwww. #yayyyy #sarcasm,-3
460231292962238464,-3.0,Maybe if I get some air on these burning tires the fire will put itself out... #Sarcasm #NotExactlyHowFireWorks,-3
460230489618780160,-3.0,"This is really what I wanted to come home to, let me tell ya. #sarcasm",-3
460227390732394499,-3.4,Throwing up is always a great time #sarcasm,-3
460224662379581440,-3.0,I love that it is my last Saturday night in Nashville for 8 months and I am spending it studying. #sarcasm #IHaveNoLife,-3
460216759350734848,-3.2,I'm so glad ive got to endure another 12hour shift tomorrow aswell yay! #Sarcasm üòû,-3
460211470785998849,-2.4,Congrats to everyone who's living my dream üòÑ #sarcasm,-2
460209094276558848,-3.0,No price fixing going on here. Just good ol' competitive capitalism at its finest. #YQR. #Sarcasm. http://t.co/3chU700Rvm,-3
460208581829459968,-1.0,A tweet so sarcastic that it had to be hashtagged #sarcasm,-1
460206792278962176,-2.6,Being ignored is the best üòÇ #Sarcasm,-3
460206728643371008,-2.2,I mean you gotta admit it was kinda fun! @AudreyCurrier  Yes! It was so much fun getting my legs waxed! #sarcasm,-2
460204719252987904,-2.0,Is this what happiness feels like? #sarcasm,-2
460204536724873218,-2.6,Glad the public library carries such theatrical masterpieces as this. #sarcasm http://t.co/5S7tYTcjrS,-3
460202576500502528,-2.8,Parties were you dont know people are the best!!!! #Sarcasm,-3
460199818824916992,-2.4,Thanks a lot MOM!!!  #sarcasm,-2
460199440536436737,-2.4,People who blast their hip hop music are cool. #Sarcasm,-2
460196722090582017,-3.0,I love getting Guitar Center catalogs in the mail every month.. I love to look at all the things I cant have. Such a great feeling. #Sarcasm,-3
460194769260404737,-3.2,Favorite thing in the world: being lied to #sarcasm #sarcastictweet #annnoying,-3
460326919918346240,-1.8,What up @stephbevv thanks for putting me in the kennel........... #sarcasm,-2
464034144045899776,-2.4,@ChainedThoughts -- my mind it awake..i'm literally shouting to get myself sitted up.. but my body refuses to do so..and my heart beats xtra,-2
464660554704252928,1.8,@Caspar_Lee: RT @spontaneousliam: Caspar Lee and Joe Sugg have the best snapchat stories I'm literally dying,2
464033870636003328,1.4,If I get one more snapchat from carley eaton while im driving im literally gonna have to pull over and masturbate,1
464302558647824384,-3.6,Like literally every nightmare i have is me running away from somebody who's tryna kill me in the worst way..that must mean something right?,-4
464285142148579328,-3.0,I'm currently living in hell compared to when i was in Europe a couple of weeks ago. Literally missing‚Ä¶ http://t.co/ytrfmbitn4,-3
464524919699955712,-2.6,Literally about to go off on this man down at the cafeteria. Like money is time dude. And you are wasting both for me üò° #bouttogetgratatad,-3
464033674707472386,3.0,There's a new guitar coming out in a month and it's literally my dream guitar. Gonna blow 900 bucks on that,3
464284968848748544,-4.4,Can we please pray for Nigeria. Boko Haram is making their lives literally hell on earth. This is just absolutely crazy!,-4
464664296647979008,-2.8,Some of the pics i see on my TL literally just kill me on the inside like that shy don't belong on twitter or online period,-3
464302709181779968,3.0,I don't care about anyone else but oh my god @TheVampsband are at #CapitalSTB literally cannot wait!,3
464120567789281280,-1.2,‚Äú@taylorcaniff: Not real till you got a stripper pole in the house http://t.co/3PWF4Bp5gx‚Äù @gtfocaniff literally rob a bank and GO,-1
464301855179558912,0.0,Literally can not wait for the weekend. Not because I have anything planned but so I don't have to hear my alarm go off every morning.,0
464660533950828544,3.6,‚Äú@cleary_r12: Wanted to go to sleep but impractical jokers has me dying‚Äù LOL dude literally the best show of all time,4
464660739571994624,0.4,@intocshication Exactly. I have literally been a guinea pig my entire life. It's time to turn into an actual pig after graduation.,0
464648028780261376,-1.4,It's so hard to study for this final when I literally could care less about family or couples therapy.,-1
464434894182301696,-3.2,It's terrifying knowing I'll be getting uni offers based on these exam results and I literally know nothing,-3
464284556481527808,-2.2,A shoe lover I follow posted this today and my heart literally broke. There is nothing we can do to‚Ä¶ http://t.co/qRZLwLjRcZ,-2
464034018069970948,-1.8,Why are you telling people to tell me to keep your name out of my mouth when I literally couldn't give a fuck about what you're doing lol,-2
464302903763562496,-4.0,This is the 5th times its happened to me and I'm so scared right now I'm crying and literally screaming for my mom,-4
464096880230535168,4.4,@HidesignHQ Hey Team! Super duper excited..the Baggista in my Mom is literally going gaga with the news of  #HidesignMoms Cheers! :D,4
464285589177909248,3.6,"@paigedulansky can you like stop posting such beyond adorable twitcons?!?! LoL literally, so perf I could cry tears of joy",4
464647446253957120,-3.4,@druuuzinthetrap idk man I prefer Pol Pot's ideology he literally attempted to erase and rewrite history.,-3
464647720364691456,-2.4,"Oh yeah, let me not subtweet because literally every random takes it personally as if I would really be talking about them.",-2
464301677995376640,0.0,My Twitter feed is literally going to explode thanks to @EMManchester 's post on asking questions after a conference presentation.,0
464660702717038592,-0.2,this year has gone so quickly literally feels like im still just starting and getting used to sixth form but its my last year 12 day what,0
464664354940813312,3.4,..The information he gave me was more than I could ever have bargained4 he literally opened da doors 2my success n business #universeatwork,3
464302793252433920,4.6,A massive happy birthday to literally the best person in the whole world!!! @Liamwilley90  love yooooouuuuuu xxxx,5
464309018908188672,-3.2,"Just realised I haven't even been back 2 weeks and have managed to be late 3 times already, gonna literally get like caned",-3
464301551700287488,-4.0,@niallsjuicy: hARRY CALLED A GIRL PRETTY THEN SMIRKS AT HER MY HEART HURTS IM LITERALLY SO JEALOUS FUCK U https://t.co/KKJpJYpVhF AAAH,-4
464525009071767552,-1.6,‚Äú@AwesomityFun: how am i supposed to lose weight when the best part about life is food‚Äù literally me in a nutshell,-2
464309188336685056,0.4,5sos are literally so busy this year so I'm going to sleep in honor of their lack of sleep goodnight friends http://t.co/FebT2m7IR6,0
464033868950290432,2.4,These birds are in for a wild ride! Literally! Catch some of the action in this trailer of #Rio2 http://t.co/9WzC9FFLeu,2
464285132741165057,-2.4,I'm literally about to go crazy bitch in a minute. Lemme smoke a cigarette before things get out of hand.,-2
464661230108434432,2.2,@TweetLikeAGirI: This blows my mind tbh http://t.co/rjSApRBRJ0 literally said this today.. it's cool actually looking at physical photos,2
464033741309235200,-0.6,"Gerrard: ""You never get too high when you win something and you never get too down when one slips away - literally slips away.""",-1
464310277287067648,-1.2,"‚Äú@rosielawler: I often forget that my life is a joke because my last name is literally ""one who lawls""‚Äù YASSSS",-1
464647567846801408,4.0,"Literally obsessed with @ArianaGrande song, #problem üòì she sings so beautiful idk man I think I love herüòª",4
464033561566134272,4.4,Literally the best day of my life... My favorite club in Vegas #lightnightclub #canyouseethelight http://t.co/1byru5ZQXD,4
464664033858048000,-1.6,"Before you embark on a journey of @Revenge, dig two graves. And next episode @EmilyVanCamp is literally digging a grave! #Symbolism",-2
464302265591791616,-3.8,I literally wasted a whole year on you focused on you when all along all you wanted was him... I feel dumb asf cause of you...,-4
464033637550141440,-2.2,What happened in October has literally nothing to do with why I walked away from that relationship üòÇ,-2
464302240321519616,2.0,"The second u were ""done"" with me I was completely ok with it. Literally I was excited that u were done with me.  Goodbye stress.",2
464301521685843968,-2.8,I'm sitting here an hour before my exam and I'm so tired right now that I could literally pass out any minute,-3
464647408220000256,-0.4,Literally endless hypotheticals yet I know at least one person interpreted that exactly how it was intended,0
464647089365192705,-3.4,Literally have to constantly say fuck you over and over through out the day just to get through the day.,-3
464664390021947393,-2.8,"@TrevorMoran: I do my hardest to break out of this shell, but without a crack I'm still stuck in this hell... #XIAT literally PREACHHH!!!",-3
464033983094063104,-0.2,"the beat drop in little white lies is so good, im literally banging my head to one direction, home alone while drinking my milkshake lmao",0
464647179379163138,-4.8,@leaisthestar_ I know how you feel I couldn't stop crying when I saw that Stefan died it literally broke my heart,-5
464285011240185857,-3.2,I literally don't understand the amusement people get out of videos of people fighting? Don't you feel sick to your stomach after?!,-3
464524952772050944,2.0,@Topszzz Sounds like you have been tracking it but ths is the first time we made it. We literally bet the house only on winners.,2
464661411617337344,-2.6,"I'm literally on the phone to the nak and mums like shouting in my ear. nah I don't have a phone to the side of my face, I'm not busy.",-3
464420349397188608,-3.2,"Literally, I'm about to offer up my first born child just to the stress gods. #breakingdown #gradschool #finals #happybirthday #not",-3
463946819114786817,-3.6,So my wife and I are going through our belongings and deciding who gets what. It's awesome fun. #not,-4
463948302455545856,-3.2,"Of course my washing machine would fuck me over at 1AM so I have to ring out clothes by hand and stay up forever for the dryer, yay ‚ò∫Ô∏è #not",-3
463960762851917824,-3.0,I love getting pulled over at four in the morning for literally nothing and then sitting for twenty minutes just to receive a warning. #not,-3
463981176042962946,-2.6,Pussy Riot meets with U.S. Congressional leaders to press them on prison rape crisis http://t.co/xC2coD3t6Q #Not,-3
464030790377279488,-3.0,"Villarreal fined ¬£10,000 for the banana throwing incident... Seems rational in comparison to City's FFP fine. #not",-3
464073497262952448,-3.2,"Appreciate the guy telling me, in detail, about the horror film about being stuck in a lift, while we were stuck in a lift! #not",-3
464092370263220224,-2.6,All of these invites to play those silly games on Facebook reallllly make me wanna play them. Keep sending them peeps. #not,-3
464092797659004928,-2.6,"Speedy boarding? Yeah I'd love to get in a small, cramped plane quicker than everyone else please! #not",-3
464098441589956608,-3.0,I was patiently waiting for tomorrows Madrid OOP and there are no surprises. The schedulers are always so generous to me... #not,-3
464099719031947265,-2.8,Lets go out to eat so we can listen to people's kids cry while we try and enjoy our food that we're paying for. #not,-3
464101786408583169,-2.6,"Oh you're old, married, and hitting on me? Cool, cuz I've always wanted to have an affair with a cougar who works at a gas station. #Not",-3
464102639693623296,-2.2,"on my drive to work I passed a sign on Laurel Canyon that read: ""This is the oldest you've ever been"" Thanks for that reminder. #NOT",-2
464103386917261312,-1.6,The stampede you hear are CEOs racing to call their brokers and cancel their 10b5-1 auto sell plans. #not,-2
464114007373512704,-2.6,I'm glad that the thing I sat and cried about last night made all of you laugh today. Thanks for making me feel good. #not,-3
464119591430397954,-2.4,The most wonderful feeling in the world is finding out the only flip flops I should be wearing for my feet are $60. #not,-2
464238297577844736,-2.6,Wow it's a good thing I left the windows of my moms car down when it was raining &amp; hailing :):):) #not,-3
464239538471456768,-1.8,"Hey, how do you know is someone is vegetarian? Oh, don't worry, they'll tell you @robkohal #Vegetarian #not",-2
464240209568088064,-2.0,"@becca_helsel @SaraMcDowall @LezlieBlaser I just read this, I can't believe it, She's a wreck! I better put this on my books to read. #not",-2
464256161898713088,-3.4,I love when I'm ready to go to sleep but can't because I can clearly hear my neighbors music from inside my house! #NOT,-3
464307180053598208,-2.6,Being woke up at 2:30am by a crying baby&amp;being told that her mom wants her to cry to sleep is the best feeling in the world üò´üò´üò´üò´ #not,-3
464422997625798656,-2.8,I had forgotten how much fun it is to have a team pick apart every little detail and bug on a product you worked on for many months. #not,-3
464433825490034688,-2.0,"Because it's my birthday, my friends feel the need to go like/share all of my old Facebook pictures #thanks #NOT",-2
464510074728087552,-2.0,"The best part of the draft is seeing how many football experts there are on Facebook &amp; twitter. Wow, y'all! So clever. #not",-2
464591330921168896,-2.8,I just love coming home to an apartment that smells like smoke thanks to my neighbors that smoke. #Not,-3
464598096669061120,-1.4,"Whenever I don't know what to tweet I simply tweet about not knowing what to tweet and then it's like ""oh problem solved."" #not",-1
464602850497429504,-3.0,I must always end my day with a stomach wrenching cough attack while laying in bed. It helps me sleep. #not,-3
464628946207002624,-1.4,"LMAO! My cousin reminded me of when I broke the staircase railing in Cuba because I was drunk. I swear, I'm a classy drunk, though! #not",-1
464632023517499392,-1.8,"So im already having a hard time fitting all of my clothes in my room, moving into my dorm in the fall is gonna be really fun. #not",-2
464635374867083265,-2.2,This whole I'll sleep on the bus ride home thing didn't work at all... Gonna do great on finals tomorrow!  #not,-2
464651950668382209,-2.0,I'm really glad that my body determined that sleeping from 10pm-1am was adequate enough. Especially after finals. #not,-2
464615407232765952,-0.6,I've come to the conclusion that it's virtually impossible to successfully balance out schoolwork and sports‚ò∫Ô∏è,-1
464109930635870208,1.4,"Virtually raise your hand by ""liking"" this photo if this is YOU! #motherhood #MomsNightOut http://t.co/b5IHAEu73l",1
464422069107949568,0.6,This man virtually invented the concept of Englishness for the 20th Century... http://t.co/IFHHEx46cD #MeetThePatrons,1
464433839360966656,1.8,@sc_nicholson it is a snow day. Virtually. School should be let out and everything its the most important day of the year,2
464264223170654208,1.8,@jazminbabiexo hahahaha omg that would be amazing!!!!! we would virtually scream and fangirl to each other over twtiter!!!! hahaha!!,2
464404524158173184,1.4,"gosh, i love tights. they offer virtually no defence but dang do they feel heavenly on my powerful legs",1
464417797091500033,2.0,"physically, i'm quiet. virtually, im loud. mentally, I'm louder than any other band having a concert #ME",2
464062404289392640,2.2,"@glasssdigital Thanks for the favourite on the tweet, appreciated loads and nice too meet you, albeit virtually",2
464307495976968192,-3.2,"America is endless war, massive debt   Virtually, all nations have succumbed to this tyranny, with two notable exceptions, Russia &amp;China",-3
464277632893194240,-0.6,to be honest i'm on my laptop when i could be asleep bc i'm done with finals doing virtually nothing eating literally three cupcakes okay,-1
464282618901827584,2.2,"@aliholland73 Hee Hee! Cardiff is virtually deserted, not that I would know as I'm still tucked up in bed. #lovely",2
464639989914284032,-0.6,On a stag where I am the dad of the group.....  I'm virtually the only one who isn't a dad though.... #letsseehowthisplaysout,-1
464084095786819584,1.0,"@theMotherhood25 Q8. Some say pennies are the garbage of money, I say its free money since they are virtually everywhere #LetsTalkBanking",1
464266853301227520,2.8,"Today ended really well. Migrated an app to an entirely new architecture, in a totally new datacenter, with virtually no issues. #win",3
464111144828145664,-1.8,"GMOs are cogs in industrial ag the way dynamite is in war; take either away, and you have solved virtually nothing http://t.co/V9fxiWF4pd",-2
464075487380111360,-3.0,@ATRWibben Invite you to do the same with virtually all @CrisisGroup work. Especially sickening here as the subject actually IS gender #VAW!,-3
464021839358881793,-1.0,@MCCANNSBUTT Me: (virtually) *pats ur back* *throws bone* c'mon doggy fetch fetch get the boneee get it get it u butt,-1
464072909321822208,-2.2,"There are a number of ways children can be brainwashed. From birth, virtually all of us have been brainwashed... http://t.co/TPV0cQcFRU",-2
464090390656991232,-1.0,@locke  They should try illegal sugar smuggling into Kenya. virtually a license to print money. btw  are the Knights Templar on twitter? hmm,-1
464260333428019200,1.0,"I'm amazed at how many hats I'm wearing, getting it all done &amp; feeling virtually no stress at all.",1
464283119722721280,-1.0,@ActlHumanBeings 2/2 ....the Tea Party would cease to exist as a political force virtually overnight.,-1
464118833759133699,0.8,"Has anybody tried these ""virtually indestructible"" ball #dog toys? http://t.co/SOw21lJzr6 They look pretty interesting...",1
464264728647569408,-1.8,Why is London richest city in Europe when it has no natural resources &amp; exports virtually nothing? Vote #Yes and end this nonsense #IndyRef,-2
459733279667924993,-2.0,"@thinkprogress ""empowers patients/doctors 2make choices that r good4 their own health-opposed 2doing what the government is dictat'g"" #irony",-2
459797226559397888,-0.8,HOLD ON!!!!! Nigel Farage's wife is German? HAHAHAAHAHAHAHAHA!!!!!! You just couldn't write it! Hahahaha!!!! #Irony,-1
460100524465868801,-1.6,Don‚Äôt you dare try to liberate Karl Marx‚Äôs private intellectual property! via http://t.co/gFrsQ69k00 http://t.co/x0w4vlHakp #marxism #irony,-2
460848105861443584,-2.2,"Why is it that whenever someone says ""To make a long story short..."" it's already been too long of a story? #irony",-2
460891052895793154,-2.8,"Some lady just cruised past a school bus w/ red lights flashing &amp; stop sign extended. Her bumper sticker said ""trust women."" #irony",-3
459791624445251584,-1.6,Wondering about the wisdom of listening to John Legend at a drug and alcohol treatment clinic... #johnlegend #drugs #music #irony,-2
460226655232200704,-2.2,"It's kind of ironic that Donald Sterling is getting exactly what he asked for, no black people at his games. #Irony",-2
460174044575186946,-3.2,It just keeps getting better and better! NAACP To Honor Noted Racist Donald Sterling (Again) http://t.co/Vz04eO70eM #Irony,-3
464120096445575168,-1.6,"I love when characters on tv shows say they'd never want to be an actor or actress, or they've always dreamt of being one. #irony",-2
459885127959838720,-1.4,"And of course the night I want to go to bed early, I'm wide awake....fell asleep by 11 every other night this week like a Gma tho ha! #irony",-1
460425608934457344,-1.6,GB making the same subjective moral judgements they‚Äôve spent the last 2 years protesting against. #irony,-2
460813539071238144,-1.8,"Green Party handing out leaflets at the station, vast majority of which are in the nearest bin or on the pavement. #irony",-2
460094596333445120,-1.0,"Ironic that my tutors clearly state that reports should be written in articulate formal English, then they say 'no mumbo jumbo' #irony",-1
460217263476330496,-2.8,Noted Racist Sterling to receive #NAACP LA's lifetime achievemnt awrd AGAIN: http://t.co/mxCblrPfIw #Clippers #BoycottClippers #irony,-3
465540648121434113,-2.4,"Another sunny weekend studying, love my life! #studentproblems #irony",-2
465221923199549440,-2.4,I love seeing cops texting while driving. How about I pull you over? #irony,-2
465117661094215680,-2.6,Show how much you love 'merica with these imported polos... #irony #MadeInAmerica http://t.co/3bE1CIVqVA,-3
465094665575092224,-2.4,"I love it how you preach vegetarianism as better than everyone, yet you get blocked on FB for being an online bully #irony",-2
465342815346495488,-3.2,The best thing about being disowned by your #mother right before #MothersDay is the money you save on flowers... #Irony,-3
465227487065407488,-2.4,"See, competing in the x factor can get you a career! You get to sing in Eurovision! #irony #Eurovision",-2
465561545720995841,-2.8,Always hilarious when somebody tweets complaining about someone when they are exactly the same #irony,-3
465559401604972544,-3.4,"The U.S. is good at a lot of things. Peace? Not so much. Thanks, @VisionHumanity. (via @Upworthy) http://t.co/BMPHvVDgdx #denmark #second",-3
465568202526031872,-3.0,Don't you love it when you realise that you know someone so well you can tell when they've just been in the bathroom by the smell of their..,-3
465564851272552449,-1.2,"Don't you love it when cleaning your room turns into a rousing game of ""How the Hell did that get there""?",-1
465547868762144769,-2.6,Don't you love when you're the only one that comes to practice üòç,-3
465541711046123521,-2.8,Don't you love it when you treat people the way they treat you and they get mad about it,-3
465534114158768128,-3.0,Don't you love it when your friends almost never respond to your snap chats.. you guys are pretty great‚ù§Ô∏è @sassie7cassie @savvyjayy_,-3
465529688342159362,-2.6,Don't you love the cafeteria christians who go to church only on those special days... just to make themselves feel better?,-3
465524802225471489,-3.6,Don't you love getting kicked in the head? http://t.co/9me0vEPIAD,-4
465520571066093568,-2.2,Don't you love it when the Champions of England can barely speak English...,-2
465517567516229632,0.4,Don't you love when your words are used later to encourage yourself? Those are the best moments. @Oprah #SuperSoulSunday,0
465513980950511617,-1.8,Don't you love making calls to coworkers' homes before noon on Sunday?,-2
465505965530284032,-3.8,"I love the rain! No, you don't. You love sitting inside, putting your life on hold until Mother Nature stops pissing on you. #fuckthisrain",-4
465505685925818368,-3.4,Don't you love when @AirTran loses your clubs not only once... But twice?... Yea me too.,-3
465504506164555776,-2.6,Don't you love when your stuff disappear,-3
465504323724537856,-2.0,Don't you love when the landscapers are in the yard and no one told you so you're walking around in a towel with the windows open bc same,-2
465494795058556929,-2.8,Don't you love when your mom eats by herself even tho she knew you were making breakfast? Me too.,-3
465482100318040064,-4.0,Don't you love it when your own kid tried to kill you with a car,-4
465471516990119937,-2.4,"Don't you love it when you get like 5 kills in a row, and then the game FREEZES!!!!!! #GamersNightmare",-2
465397152064090112,-4.0,Man don't you love being on your period and moving an inch and then like a fricking tsunami tidal wave comes flowin,-4
465380520248242176,-2.8,"Don't you love it when you're lying in your bed, half asleep, when suddenly your perphiral vision decides to fuck with you?",-3
465380017145663488,-3.6,Don't you love it when you try to hang with people but you pass out early as fuck like an old lady :/ ugh so frustrating,-4
465353981322346496,-3.2,Don't you love it when everyone bails on you,-3
465346432363683841,-2.6,"Don't you love how walmart has like 5,000 registers but only 2 are ever open?",-3
465346199508115457,-3.4,Don't you love those nights when you just break down.,-3
465346115777601536,-3.0,Don't you love it when a mf think they can replace you cause I find that hilarious,-3
465345990682480640,-2.2,RT @mattchew_brown: Don't you love it when your power goes off and on 5 times in 10 minutes. I know I really appreciate it!,-2
465345822818050050,-2.4,RT @mattchew_brown: Don't you love it when you show up for baseball practice and nobody is there. I know I do. Guess practice was canceled.‚Ä¶,-2
465336980968968193,-2.6,Don't you love it when people never text you back?,-3
465545304138612736,1.8,Don't you love it when your mouth waters when you think about certain foods? Your mouth is #literally #horny for nourishment.,2
